t_s,phase,cmd_x,cmd_y,cmd_z,servo0_deg,servo1_deg,servo2_deg,tool_x,tool_y,tool_z,th1_deg,th2_deg,phi_deg,tau0,tau1,tau2,ink,fn_N
0.020,0,285.0,0.0,15.985,89.809,56.463,50.858,285.584,-0.001,13.964,-0.095,55.715,-39.587,-0.0,0.138,0.0807,0,0.0
0.040,0,285.0,0.0,15.941,89.809,56.451,50.844,285.58,-0.001,13.94,-0.096,55.709,-39.596,0.0,0.1367,0.0796,0,0.0
0.060,0,285.0,0.0,15.867,89.809,56.431,50.82,285.576,-0.001,13.879,-0.096,55.694,-39.617,0.0,0.1359,0.079,0,0.0
0.080,0,285.0,0.0,15.764,89.809,56.404,50.786,285.575,-0.001,13.783,-0.096,55.667,-39.648,0.0,0.1356,0.0785,0,0.0
0.100,0,285.0,0.0,15.633,89.809,56.368,50.743,285.576,-0.001,13.658,-0.096,55.633,-39.688,0.0,0.1354,0.0779,0,0.0
0.120,0,285.0,0.0,15.473,89.809,56.325,50.691,285.577,-0.001,13.505,-0.096,55.591,-39.737,0.0,0.1352,0.0774,0,0.0
0.140,0,285.0,0.0,15.286,89.809,56.274,50.63,285.577,-0.001,13.325,-0.096,55.541,-39.795,0.0,0.1349,0.0768,0,0.0
0.160,0,285.0,0.0,15.072,89.809,56.216,50.561,285.577,-0.001,13.118,-0.096,55.485,-39.862,0.0,0.1347,0.0763,0,0.0
0.180,0,285.0,0.0,14.832,89.809,56.151,50.483,285.577,-0.001,12.884,-0.096,55.421,-39.937,0.0,0.1344,0.0757,0,0.0
0.200,0,285.0,0.0,14.568,89.809,56.08,50.397,285.578,-0.001,12.625,-0.096,55.349,-40.02,0.0,0.1343,0.0752,0,0.0
0.220,0,285.0,0.0,14.279,89.809,56.001,50.303,285.578,-0.001,12.342,-0.096,55.271,-40.111,0.0,0.1342,0.0747,0,0.0
0.240,0,285.0,0.0,13.967,89.809,55.916,50.202,285.579,-0.001,12.035,-0.096,55.186,-40.209,0.0,0.1341,0.0742,0,0.0
0.260,0,285.0,0.0,13.634,89.809,55.825,50.094,285.579,-0.001,11.706,-0.096,55.095,-40.315,0.0,0.1341,0.0737,0,0.0
0.280,0,285.0,0.0,13.281,89.809,55.728,49.979,285.58,-0.001,11.356,-0.096,54.998,-40.427,0.0,0.1341,0.0732,0,0.0
0.300,0,285.0,0.0,12.908,89.809,55.626,49.859,285.581,-0.001,10.986,-0.096,54.896,-40.545,0.0,0.1342,0.0728,0,0.0
0.320,0,285.0,0.0,12.519,89.809,55.518,49.733,285.582,-0.001,10.599,-0.096,54.788,-40.669,0.0,0.1343,0.0723,0,0.0
0.340,0,285.0,0.0,12.113,89.809,55.407,49.602,285.584,-0.001,10.195,-0.096,54.675,-40.797,0.0,0.1344,0.0719,0,0.0
0.360,0,285.0,0.0,11.693,89.809,55.29,49.467,285.585,-0.001,9.777,-0.096,54.558,-40.931,0.0,0.1346,0.0716,0,0.0
0.380,0,285.0,0.0,11.261,89.809,55.17,49.327,285.586,-0.001,9.345,-0.096,54.436,-41.068,0.0,0.1348,0.0712,0,0.0
0.400,0,285.0,0.0,10.818,89.809,55.047,49.185,285.588,-0.001,8.901,-0.096,54.311,-41.209,0.0,0.1351,0.0709,0,0.0
0.420,0,285.0,0.0,10.365,89.809,54.92,49.04,285.589,-0.001,8.448,-0.096,54.183,-41.352,0.0,0.1354,0.0706,0,0.0
0.440,0,285.0,0.0,9.905,89.809,54.792,48.892,285.591,-0.001,7.987,-0.095,54.053,-41.498,0.0,0.1357,0.0703,0,0.0
0.460,0,285.0,0.0,9.44,89.809,54.661,48.744,285.593,-0.001,7.519,-0.095,53.92,-41.646,0.0,0.1361,0.0701,0,0.0
0.480,0,285.0,0.0,8.971,89.809,54.529,48.594,285.594,-0.001,7.048,-0.095,53.785,-41.794,0.0,0.1365,0.0699,0,0.0
0.500,0,285.0,0.0,8.5,89.809,54.396,48.444,285.596,-0.001,6.574,-0.095,53.65,-41.944,0.0,0.137,0.0697,0,0.0
0.520,0,285.0,0.0,8.029,89.809,54.262,48.294,285.598,-0.001,6.099,-0.095,53.514,-42.093,0.0,0.1374,0.0696,0,0.0
0.540,0,285.0,0.0,7.56,89.809,54.129,48.145,285.6,-0.001,5.625,-0.095,53.378,-42.241,0.0,0.1379,0.0695,0,0.0
0.560,0,285.0,0.0,7.095,89.809,53.996,47.997,285.602,-0.001,5.155,-0.095,53.242,-42.389,0.0,0.1385,0.0694,0,0.0
0.580,0,285.0,0.0,6.635,89.809,53.865,47.851,285.604,-0.001,4.69,-0.095,53.107,-42.534,0.0,0.1391,0.0694,0,0.0
0.600,0,285.0,0.0,6.182,89.809,53.735,47.708,285.606,-0.001,4.231,-0.095,52.974,-42.677,0.0,0.1396,0.0694,0,0.0
0.620,0,285.0,0.0,5.739,89.809,53.607,47.568,285.607,-0.001,3.781,-0.095,52.844,-42.817,-0.0,0.1403,0.0695,0,0.0
0.640,0,285.0,0.0,5.307,89.809,53.483,47.432,285.609,-0.001,3.342,-0.095,52.716,-42.954,-0.0,0.1409,0.0695,0,0.0
0.660,0,285.0,0.0,4.887,89.809,53.361,47.3,285.611,-0.001,2.914,-0.095,52.591,-43.087,-0.0,0.1416,0.0696,0,0.0
0.680,0,285.0,0.0,4.481,89.809,53.244,47.172,285.613,-0.001,2.501,-0.095,52.47,-43.215,-0.0,0.1422,0.0698,0,0.0
0.700,0,285.0,0.0,4.092,89.809,53.131,47.05,285.615,-0.001,2.103,-0.095,52.353,-43.338,-0.0,0.1429,0.0699,0,0.0
0.720,0,285.0,0.0,3.719,89.809,53.022,46.933,285.617,-0.001,1.722,-0.095,52.241,-43.456,-0.0,0.1436,0.0701,0,0.0
0.740,0,285.0,0.0,3.366,89.809,52.919,46.823,285.619,-0.001,1.36,-0.095,52.134,-43.567,-0.0,0.1443,0.0704,0,0.0
0.760,0,285.0,0.0,3.033,89.809,52.822,46.719,285.621,-0.001,1.017,-0.095,52.033,-43.673,-0.0,0.145,0.0706,1,0.0
0.780,0,285.0,0.0,2.721,89.809,52.73,46.621,285.713,-0.001,1.0,-0.095,52.003,-43.695,-0.0,0.1342,0.0572,1,1.0789
0.800,0,285.0,0.0,2.432,89.809,52.646,46.531,285.722,-0.001,1.0,-0.095,52.001,-43.717,-0.0,0.1189,0.0451,1,0.5009
0.820,0,285.0,0.0,2.168,89.809,52.568,46.449,285.731,-0.001,1.0,-0.095,51.999,-43.737,-0.0,0.1049,0.0338,1,0.6295
0.840,0,285.0,0.0,1.928,89.809,52.497,46.374,285.74,-0.001,1.0,-0.095,51.997,-43.755,-0.0,0.0923,0.0235,1,0.8188
0.860,0,285.0,0.0,1.714,89.809,52.434,46.308,285.749,-0.001,1.0,-0.095,51.994,-43.771,-0.0,0.0811,0.0143,1,0.9891
0.880,0,285.0,0.0,1.527,89.809,52.379,46.25,285.757,-0.001,1.0,-0.095,51.992,-43.785,-0.0,0.0713,0.0063,1,1.1399
0.900,0,285.0,0.0,1.367,89.809,52.332,46.2,285.764,-0.001,1.0,-0.095,51.991,-43.797,-0.0,0.0629,-0.0005,1,1.2773
0.920,0,285.0,0.0,1.236,89.809,52.293,46.159,285.772,-0.001,1.0,-0.095,51.989,-43.806,-0.0,0.0561,-0.0063,1,0.9308
0.940,0,285.0,0.0,1.133,89.809,52.263,46.127,285.78,-0.001,1.0,-0.095,51.986,-43.813,-0.0,0.0509,-0.0108,1,0.9818
0.960,0,285.0,0.0,1.059,89.809,52.241,46.105,285.788,-0.001,1.0,-0.095,51.984,-43.817,-0.0,0.0473,-0.0142,1,1.0182
0.980,0,285.0,0.0,1.015,89.809,52.228,46.091,285.797,-0.001,1.0,-0.095,51.982,-43.82,-0.0,0.0454,-0.0163,1,1.0396
1.000,0,285.0,0.0,1.0,89.809,52.223,46.086,285.805,-0.001,1.0,-0.095,51.979,-43.819,-0.0,0.045,-0.0172,1,1.0463
1.020,0,285.0,0.0,1.0,89.809,52.223,46.086,285.813,-0.001,1.0,-0.095,51.977,-43.818,-0.0,0.0454,-0.0175,1,1.0461
1.040,0,285.0,0.0,1.0,89.809,52.223,46.086,285.82,-0.001,1.0,-0.095,51.974,-43.817,-0.0001,0.0459,-0.0177,1,1.0452
1.060,0,285.0,0.0,1.0,89.809,52.223,46.086,285.827,-0.001,1.0,-0.095,51.972,-43.815,-0.0001,0.0463,-0.0179,1,1.0443
1.080,0,285.0,0.0,1.0,89.809,52.223,46.086,285.834,-0.001,1.0,-0.095,51.97,-43.814,-0.0001,0.0467,-0.0182,1,1.0435
1.100,0,285.0,0.0,1.0,89.809,52.223,46.086,285.841,-0.001,1.0,-0.095,51.968,-43.813,-0.0001,0.0471,-0.0184,1,1.0427
1.120,0,285.0,0.0,1.0,89.809,52.223,46.086,285.848,-0.001,1.0,-0.095,51.966,-43.812,-0.0001,0.0474,-0.0186,1,1.0419
1.140,0,285.0,0.0,1.0,89.809,52.223,46.086,285.854,-0.001,1.0,-0.095,51.964,-43.811,-0.0001,0.0478,-0.0188,1,1.0411
1.160,0,285.0,0.0,1.0,89.809,52.223,46.086,285.861,-0.001,1.0,-0.095,51.962,-43.81,-0.0001,0.0482,-0.019,1,1.0404
1.180,0,285.0,0.0,1.0,89.809,52.223,46.086,285.867,-0.001,1.0,-0.095,51.96,-43.808,-0.0001,0.0485,-0.0192,1,1.0397
1.200,0,285.0,0.0,1.0,89.809,52.223,46.086,285.872,-0.001,1.0,-0.095,51.958,-43.807,-0.0001,0.0488,-0.0194,1,1.039
1.220,0,285.0,0.0,1.0,89.809,52.223,46.086,285.878,-0.001,1.0,-0.095,51.957,-43.806,-0.0001,0.0491,-0.0195,1,1.0383
1.240,0,285.0,0.0,1.0,89.809,52.223,46.086,285.883,-0.001,1.0,-0.095,51.955,-43.806,-0.0001,0.0494,-0.0197,1,1.0377
1.260,0,285.0,0.0,1.0,89.809,52.223,46.086,285.889,-0.001,1.0,-0.095,51.953,-43.805,-0.0001,0.0497,-0.0199,1,1.037
1.280,0,285.0,0.0,1.0,89.809,52.223,46.086,285.894,-0.001,1.0,-0.095,51.952,-43.804,-0.0001,0.05,-0.02,1,1.0364
1.300,0,285.0,0.0,1.0,89.809,52.223,46.086,285.899,-0.001,1.0,-0.095,51.95,-43.803,-0.0001,0.0503,-0.0202,1,1.0358
1.320,1,283.105,0.616,1.0,90.057,52.804,45.634,285.365,0.349,0.997,-0.023,52.122,-43.993,0.0198,0.127,-0.0684,1,1.5278
1.340,1,281.21,1.231,1.0,90.308,53.381,45.187,283.837,1.016,0.994,0.112,52.595,-44.36,0.0166,0.1474,-0.0841,1,2.2262
1.360,1,279.315,1.847,1.0,90.563,53.955,44.745,281.736,1.667,0.996,0.245,53.237,-44.847,0.0144,0.1352,-0.0757,1,2.2205
1.380,1,277.42,2.463,1.0,90.821,54.526,44.308,279.618,2.285,0.999,0.373,53.877,-45.338,0.0146,0.1222,-0.0655,1,2.3611
1.400,1,275.525,3.078,1.0,91.083,55.094,43.876,277.665,2.9,1.003,0.503,54.465,-45.789,0.0151,0.1184,-0.0618,1,2.0789
1.420,1,273.63,3.694,1.0,91.348,55.659,43.45,275.796,3.518,0.995,0.635,55.02,-46.216,0.0155,0.1199,-0.0618,1,2.077
1.440,1,271.736,4.31,1.0,91.617,56.221,43.028,273.945,4.137,1.004,0.768,55.574,-46.636,0.0157,0.1216,-0.0622,1,2.034
1.460,1,269.841,4.926,1.0,91.89,56.78,42.61,272.044,4.756,0.994,0.904,56.133,-47.058,0.016,0.1215,-0.0614,1,2.0692
1.480,1,267.946,5.541,1.0,92.166,57.337,42.198,270.141,5.375,0.999,1.042,56.695,-47.478,0.0163,0.1206,-0.06,1,2.046
1.500,1,266.051,6.157,1.0,92.447,57.891,41.79,268.231,5.993,0.998,1.181,57.255,-47.894,0.0165,0.1196,-0.0585,1,2.0671
1.520,1,264.156,6.773,1.0,92.731,58.444,41.387,266.327,6.612,0.999,1.323,57.811,-48.304,0.0168,0.1189,-0.0572,1,1.9675
1.540,1,262.261,7.388,1.0,93.02,58.994,40.989,264.424,7.231,0.999,1.466,58.365,-48.709,0.0171,0.1184,-0.056,1,2.0296
1.560,1,260.366,8.004,1.0,93.313,59.543,40.595,262.525,7.849,1.002,1.612,58.916,-49.11,0.0175,0.1178,-0.0548,1,2.0059
1.580,1,258.471,8.62,1.0,93.61,60.089,40.205,260.623,8.468,1.004,1.759,59.466,-49.506,0.0178,0.1172,-0.0536,1,1.9781
1.600,1,257.361,9.805,1.0,94.153,60.4,39.985,259.038,9.459,0.999,1.991,59.912,-49.819,0.0332,0.0915,-0.036,1,1.8285
1.620,1,257.361,11.798,1.0,95.038,60.376,40.002,258.189,10.988,1.002,2.338,60.139,-49.953,0.0691,0.0442,-0.0081,1,2.2541
1.640,1,257.361,13.79,1.0,95.923,60.347,40.023,258.102,12.904,1.0,2.765,60.133,-49.954,0.0755,0.0391,-0.0037,1,2.5302
1.660,1,257.361,15.783,1.0,96.808,60.314,40.046,258.328,14.917,0.991,3.208,60.032,-49.89,0.0752,0.0515,-0.0113,1,2.6313
1.680,1,257.361,17.775,1.0,97.691,60.276,40.073,258.502,16.925,1.0,3.649,59.949,-49.832,0.0754,0.0601,-0.0172,1,2.6748
1.700,1,257.361,19.768,1.0,98.574,60.234,40.103,258.519,18.927,0.999,4.09,59.904,-49.799,0.0754,0.0606,-0.0177,1,2.7075
1.720,1,257.361,21.76,1.0,99.455,60.187,40.136,258.471,20.926,0.997,4.531,59.873,-49.776,0.0752,0.0578,-0.016,1,2.6544
1.740,1,257.361,23.753,1.0,100.336,60.136,40.172,258.443,22.924,1.003,4.972,59.833,-49.746,0.0751,0.0557,-0.0147,1,2.7007
1.760,1,257.361,25.745,1.0,101.215,60.08,40.211,258.441,24.924,1.005,5.412,59.78,-49.709,0.0751,0.0551,-0.0143,1,2.6479
1.780,1,257.361,27.737,1.0,102.093,60.02,40.254,258.444,26.924,1.0,5.85,59.72,-49.666,0.075,0.0551,-0.0144,1,2.6894
1.800,1,257.361,29.73,1.0,102.969,59.956,40.3,258.448,28.924,0.999,6.289,59.656,-49.62,0.075,0.055,-0.0144,1,2.9592
1.820,1,257.361,31.722,1.0,103.844,59.887,40.349,258.446,30.924,0.997,6.726,59.589,-49.572,0.0749,0.0547,-0.0142,1,2.7135
1.840,1,257.361,33.715,1.0,104.717,59.814,40.401,258.444,32.924,0.998,7.163,59.518,-49.521,0.0749,0.0542,-0.014,1,2.6969
1.860,1,257.361,35.707,1.0,105.589,59.736,40.456,258.447,34.923,1.003,7.599,59.443,-49.466,0.0748,0.0537,-0.0138,1,2.7303
1.880,1,257.361,37.7,1.0,106.458,59.654,40.515,258.446,36.923,1.003,8.034,59.363,-49.409,0.0748,0.0534,-0.0136,1,2.6875
1.900,1,256.391,36.707,1.0,106.085,59.975,40.286,258.24,37.113,0.996,8.073,59.414,-49.479,-0.0116,0.1039,-0.0428,1,1.9892
1.920,1,255.22,35.096,1.0,105.448,60.378,40.0,257.284,36.089,1.001,7.875,59.742,-49.699,-0.0575,0.1192,-0.0563,1,2.1318
1.940,1,254.049,33.484,1.0,104.804,60.779,39.719,255.783,34.477,1.0,7.565,60.241,-50.04,-0.0623,0.1013,-0.0453,1,2.4686
1.960,1,252.878,31.872,1.0,104.153,61.176,39.441,254.31,32.788,0.997,7.235,60.727,-50.378,-0.0603,0.0846,-0.0339,1,2.1517
1.980,1,251.706,30.26,1.0,103.496,61.57,39.167,253.057,31.152,0.998,6.905,61.146,-50.672,-0.0602,0.0798,-0.0299,1,2.1054
2.000,1,250.535,28.648,1.0,102.831,61.962,38.897,251.934,29.539,1.001,6.574,61.525,-50.938,-0.0608,0.0821,-0.0308,1,2.1906
2.020,1,249.364,27.036,1.0,102.159,62.35,38.631,250.81,27.925,0.999,6.24,61.9,-51.198,-0.0612,0.0846,-0.0319,1,2.2456
2.040,1,248.193,25.424,1.0,101.479,62.736,38.368,249.647,26.305,0.999,5.901,62.285,-51.462,-0.0615,0.0848,-0.0316,1,2.1075
2.060,1,247.022,23.812,1.0,100.793,63.119,38.11,248.456,24.68,0.998,5.558,62.675,-51.728,-0.0617,0.0835,-0.0304,1,2.1028
2.080,1,245.851,22.2,1.0,100.099,63.499,37.855,247.27,23.057,1.004,5.211,63.062,-51.99,-0.062,0.0822,-0.029,1,2.179
2.100,1,244.68,20.588,1.0,99.398,63.877,37.604,246.074,21.432,0.993,4.861,63.445,-52.247,-0.0621,0.0813,-0.028,1,2.1587
2.120,1,243.508,18.976,1.0,98.689,64.252,37.356,244.903,19.811,1.002,4.508,63.823,-52.498,-0.0625,0.0806,-0.0272,1,2.1409
2.140,1,242.337,17.364,1.0,97.973,64.623,37.113,243.713,18.186,0.991,4.15,64.198,-52.746,-0.0626,0.08,-0.0264,1,2.2095
2.160,1,241.166,15.753,1.0,97.249,64.993,36.873,242.539,16.566,0.997,3.789,64.571,-52.991,-0.063,0.0793,-0.0257,1,2.3292
2.180,1,239.82,14.68,1.0,96.779,65.4,36.611,241.285,15.301,0.999,3.511,64.955,-53.245,-0.0466,0.0836,-0.0272,1,1.9251
2.200,1,237.925,15.296,1.0,97.128,65.935,36.27,239.879,15.225,0.995,3.52,65.359,-53.522,0.0168,0.1081,-0.0386,1,1.6945
2.220,1,236.03,15.911,1.0,97.483,66.47,35.933,238.161,15.788,1.001,3.682,65.846,-53.834,0.0232,0.1173,-0.0434,1,1.7932
2.240,1,234.135,16.527,1.0,97.843,67.005,35.601,236.206,16.416,1.004,3.864,66.399,-54.179,0.0226,0.1141,-0.0411,1,1.9286
2.260,1,232.24,17.143,1.0,98.209,67.54,35.274,234.191,17.03,1.002,4.046,66.967,-54.529,0.0227,0.108,-0.0369,1,1.7413
2.280,1,230.345,17.758,1.0,98.581,68.074,34.952,232.225,17.644,1.001,4.231,67.52,-54.867,0.0231,0.1045,-0.034,1,1.9354
2.300,1,228.45,18.374,1.0,98.959,68.609,34.634,230.31,18.262,0.999,4.419,68.058,-55.191,0.0235,0.1038,-0.0327,1,1.8922
2.320,1,226.555,18.99,1.0,99.343,69.144,34.321,228.41,18.881,0.997,4.61,68.592,-55.508,0.024,0.104,-0.0322,1,1.6652
2.340,1,224.66,19.606,1.0,99.733,69.68,34.013,226.507,19.499,0.999,4.804,69.129,-55.821,0.0244,0.1038,-0.0312,1,1.8809
2.360,1,222.766,20.221,1.0,100.13,70.216,33.71,224.588,20.117,0.998,5.001,69.67,-56.131,0.0248,0.1029,-0.03,1,1.8425
2.380,1,220.871,20.837,1.0,100.533,70.754,33.412,222.669,20.734,1.002,5.201,70.214,-56.437,0.0253,0.1017,-0.0285,1,1.8763
2.400,1,218.976,21.453,1.0,100.943,71.292,33.119,220.746,21.35,1.003,5.405,70.759,-56.737,0.0258,0.1006,-0.0272,1,1.86
2.420,1,217.081,22.068,1.0,101.36,71.831,32.831,218.823,21.967,1.001,5.612,71.304,-57.032,0.0263,0.0995,-0.026,1,1.8278
2.440,1,215.186,22.684,1.0,101.784,72.371,32.549,216.894,22.583,0.994,5.823,71.849,-57.321,0.0267,0.0984,-0.0248,1,1.6496
2.460,1,213.291,23.3,1.0,102.215,72.913,32.272,214.975,23.199,0.996,6.037,72.397,-57.605,0.0273,0.0975,-0.0235,1,1.7374
2.480,1,213.408,22.454,1.0,101.759,72.905,32.276,213.921,22.72,1.001,5.934,72.717,-57.766,-0.0208,0.0354,0.0076,1,1.4068
2.500,1,214.579,20.842,1.0,100.843,72.606,32.428,214.262,21.451,0.999,5.584,72.648,-57.721,-0.0624,-0.0086,0.0278,1,1.9032
2.520,1,215.75,19.23,1.0,99.935,72.304,32.584,215.502,19.863,1.002,5.133,72.326,-57.547,-0.0636,-0.0056,0.0244,1,2.5282
2.540,1,216.921,17.618,1.0,99.036,71.998,32.743,216.881,18.231,1.001,4.673,71.962,-57.355,-0.0596,0.0052,0.0183,1,2.855
2.560,1,218.092,16.006,1.0,98.146,71.689,32.906,218.188,16.632,0.998,4.227,71.614,-57.174,-0.0596,0.0126,0.0149,1,2.5608
2.580,1,219.263,14.394,1.0,97.264,71.377,33.073,219.426,15.038,0.996,3.79,71.283,-56.999,-0.0608,0.0161,0.0135,1,2.2514
2.600,1,220.435,12.782,1.0,96.391,71.061,33.244,220.63,13.437,0.999,3.355,70.96,-56.825,-0.0614,0.0175,0.013,1,2.2313
2.620,1,221.606,11.17,1.0,95.526,70.743,33.418,221.814,11.827,0.996,2.922,70.639,-56.65,-0.0614,0.0181,0.0128,1,2.5291
2.640,1,222.777,9.558,1.0,94.67,70.422,33.596,223.001,10.214,1.003,2.493,70.316,-56.471,-0.0611,0.0182,0.0127,1,2.5962
2.660,1,223.948,7.946,1.0,93.822,70.097,33.777,224.198,8.605,1.001,2.069,69.985,-56.286,-0.0612,0.0193,0.0121,1,2.4286
2.680,1,225.119,6.335,1.0,92.982,69.77,33.962,225.389,6.991,0.999,1.648,69.654,-56.098,-0.0608,0.0202,0.0116,1,2.5774
2.700,1,226.29,4.723,1.0,92.151,69.439,34.151,226.561,5.373,0.999,1.231,69.325,-55.91,-0.0601,0.0198,0.0118,1,2.54
2.720,1,227.461,3.111,1.0,91.328,69.106,34.344,227.733,3.756,0.999,0.818,68.993,-55.718,-0.0596,0.0195,0.0119,1,2.5553
2.740,1,228.632,1.499,1.0,90.513,68.769,34.54,228.915,2.142,1.001,0.41,68.656,-55.52,-0.0592,0.0196,0.0116,1,2.2052
2.760,1,229.639,-0.113,1.0,89.707,68.478,34.712,230.063,0.547,0.995,0.011,68.323,-55.328,-0.0607,0.0273,0.0079,1,2.1748
2.780,1,228.468,-1.725,1.0,88.897,68.817,34.512,230.258,-1.037,0.998,-0.382,68.273,-55.316,-0.0647,0.1008,-0.032,1,2.1175
2.800,1,227.297,-3.337,1.0,88.078,69.153,34.316,229.198,-2.634,0.998,-0.784,68.585,-55.496,-0.0677,0.1065,-0.0356,1,2.2483
2.820,1,226.126,-4.949,1.0,87.252,69.486,34.124,227.613,-4.273,1.004,-1.203,69.042,-55.757,-0.066,0.0837,-0.0229,1,2.2907
2.840,1,224.955,-6.561,1.0,86.417,69.816,33.936,226.111,-5.89,0.997,-1.619,69.466,-55.997,-0.066,0.0661,-0.0131,1,2.3049
2.860,1,223.784,-8.173,1.0,85.574,70.143,33.751,224.851,-7.499,0.998,-2.038,69.818,-56.198,-0.0671,0.0612,-0.0099,1,2.2306
2.880,1,222.612,-9.785,1.0,84.722,70.467,33.57,223.724,-9.114,0.999,-2.461,70.13,-56.375,-0.068,0.0634,-0.0108,1,2.2071
2.900,1,221.441,-11.397,1.0,83.862,70.788,33.393,222.606,-10.734,1.0,-2.89,70.436,-56.546,-0.0686,0.0662,-0.0119,1,2.2137
2.920,1,220.27,-13.008,1.0,82.994,71.106,33.219,221.443,-12.355,0.998,-3.323,70.752,-56.719,-0.069,0.0666,-0.012,1,2.2302
2.940,1,219.099,-14.62,1.0,82.117,71.421,33.05,220.251,-13.973,1.001,-3.761,71.074,-56.895,-0.0694,0.0653,-0.011,1,2.1878
2.960,1,217.928,-16.232,1.0,81.231,71.732,32.883,219.047,-15.591,0.996,-4.202,71.395,-57.067,-0.0697,0.0636,-0.0098,1,2.2023
2.980,1,216.757,-17.844,1.0,80.337,72.041,32.721,217.855,-17.209,0.997,-4.648,71.71,-57.235,-0.0701,0.0623,-0.0089,1,2.2428
3.000,1,215.586,-19.456,1.0,79.435,72.346,32.562,216.669,-18.828,0.996,-5.098,72.019,-57.397,-0.0705,0.0615,-0.0083,1,2.1772
3.020,1,214.415,-21.068,1.0,78.524,72.648,32.406,215.489,-20.446,0.997,-5.553,72.325,-57.557,-0.0709,0.0609,-0.0076,1,2.1817
3.040,1,213.243,-22.68,1.0,77.604,72.947,32.255,214.31,-22.064,1.002,-6.012,72.628,-57.711,-0.0714,0.0601,-0.007,1,2.2322
3.060,1,213.557,-23.213,1.0,77.339,72.837,32.31,213.748,-22.87,0.998,-6.236,72.762,-57.778,-0.0356,0.0138,0.0162,1,1.6277
3.080,1,215.452,-22.598,1.0,77.774,72.295,32.588,214.504,-22.686,1.002,-6.161,72.539,-57.65,0.0185,-0.0467,0.0442,1,2.1227
3.100,1,217.347,-21.982,1.0,78.201,71.755,32.871,216.411,-22.17,1.006,-5.971,71.988,-57.362,0.0275,-0.0457,0.0439,1,3.1421
3.120,1,219.242,-21.366,1.0,78.621,71.216,33.16,218.74,-21.605,0.994,-5.761,71.315,-57.008,0.0276,-0.0211,0.0318,1,3.6036
3.140,1,221.137,-20.75,1.0,79.034,70.678,33.453,220.947,-21.017,1.0,-5.553,70.689,-56.67,0.027,-0.0044,0.0234,1,3.3144
3.160,1,223.031,-20.135,1.0,79.44,70.141,33.752,222.887,-20.403,0.998,-5.349,70.14,-56.365,0.0265,-0.002,0.0221,1,3.2318
3.180,1,224.926,-19.519,1.0,79.84,69.605,34.056,224.714,-19.779,1.002,-5.147,69.627,-56.074,0.026,-0.0062,0.0244,1,3.1657
3.200,1,226.821,-18.903,1.0,80.233,69.069,34.365,226.55,-19.156,0.998,-4.95,69.108,-55.773,0.0255,-0.0093,0.0261,1,3.1773
3.220,1,228.716,-18.288,1.0,80.62,68.534,34.678,228.453,-18.539,1.004,-4.755,68.572,-55.46,0.0251,-0.0094,0.0262,1,3.1503
3.240,1,230.611,-17.672,1.0,81.001,67.999,34.997,230.383,-17.924,1.006,-4.563,68.029,-55.137,0.0246,-0.0077,0.0254,1,3.2283
3.260,1,232.506,-17.056,1.0,81.375,67.464,35.32,232.302,-17.308,0.998,-4.375,67.486,-54.81,0.0242,-0.0062,0.0245,1,3.2421
3.280,1,234.401,-16.441,1.0,81.744,66.93,35.648,234.22,-16.692,1.002,-4.189,66.946,-54.479,0.0237,-0.0053,0.024,1,3.2189
3.300,1,236.296,-15.825,1.0,82.107,66.395,35.98,236.127,-16.075,1.004,-4.006,66.41,-54.145,0.0233,-0.005,0.0237,1,3.2893
3.320,1,238.191,-15.209,1.0,82.465,65.86,36.317,238.033,-15.458,1.003,-3.827,65.872,-53.807,0.0229,-0.0045,0.0235,1,3.281
3.340,1,240.086,-14.594,1.0,82.817,65.325,36.659,239.942,-14.841,1.003,-3.649,65.334,-53.463,0.0225,-0.004,0.0231,1,3.2408
3.360,1,241.331,-15.979,1.0,82.199,64.941,36.906,241.549,-15.601,1.0,-3.812,64.86,-53.16,-0.0342,0.0133,0.0127,1,2.8926
3.380,1,242.502,-17.591,1.0,81.478,64.571,37.147,242.828,-17.08,1.0,-4.142,64.464,-52.904,-0.0463,0.0184,0.0099,1,2.4356
3.400,1,243.673,-19.203,1.0,80.766,64.199,37.391,244.045,-18.638,0.997,-4.485,64.08,-52.656,-0.0512,0.0206,0.0094,1,2.3324
3.420,1,244.844,-20.815,1.0,80.06,63.824,37.639,245.266,-20.23,1.003,-4.832,63.694,-52.402,-0.0532,0.0225,0.0084,1,2.3805
3.440,1,246.015,-22.426,1.0,79.362,63.446,37.89,246.475,-21.831,0.995,-5.178,63.304,-52.144,-0.0543,0.0247,0.0071,1,2.4458
3.460,1,247.186,-24.038,1.0,78.672,63.066,38.146,247.677,-23.44,1.002,-5.522,62.918,-51.885,-0.0547,0.0256,0.0065,1,2.3228
3.480,1,248.357,-25.65,1.0,77.989,62.682,38.405,248.869,-25.045,0.993,-5.862,62.528,-51.622,-0.0554,0.0269,0.0057,1,2.4442
3.500,1,249.528,-27.262,1.0,77.313,62.296,38.668,250.062,-26.661,1.005,-6.2,62.14,-51.356,-0.0552,0.0271,0.0054,1,2.3246
3.520,1,250.7,-28.874,1.0,76.644,61.907,38.935,251.256,-28.266,1.003,-6.533,61.746,-51.086,-0.0559,0.0281,0.0047,1,2.4559
3.540,1,251.871,-30.486,1.0,75.983,61.515,39.205,252.439,-29.88,1.0,-6.864,61.351,-50.813,-0.0558,0.0286,0.0042,1,2.546
3.560,1,253.042,-32.098,1.0,75.328,61.12,39.48,253.633,-31.487,1.001,-7.189,60.952,-50.534,-0.0563,0.0294,0.0035,1,2.4983
3.580,1,254.213,-33.71,1.0,74.68,60.723,39.758,254.823,-33.098,1.001,-7.513,60.55,-50.253,-0.0565,0.0302,0.0029,1,2.4605
3.600,1,255.384,-35.322,1.0,74.04,60.322,40.04,256.002,-34.71,0.995,-7.833,60.148,-49.968,-0.0566,0.0306,0.0025,1,2.5127
3.620,1,256.555,-36.934,1.0,73.406,59.919,40.326,257.182,-36.328,1.001,-8.151,59.744,-49.681,-0.0561,0.0305,0.0023,1,2.7044
3.640,1,257.361,-37.42,1.0,73.245,59.666,40.507,258.036,-37.348,0.992,-8.343,59.459,-49.462,-0.0138,0.0374,-0.0058,1,2.3695
3.660,1,257.361,-35.428,1.0,74.115,59.747,40.448,258.529,-36.467,1.0,-8.127,59.356,-49.416,0.0702,0.0719,-0.0243,1,2.0066
3.680,1,257.361,-33.435,1.0,74.986,59.824,40.393,258.685,-34.589,0.994,-7.712,59.387,-49.439,0.0786,0.081,-0.0309,1,2.6603
3.700,1,257.361,-31.443,1.0,75.859,59.897,40.342,258.599,-32.534,1.003,-7.267,59.493,-49.509,0.0754,0.0751,-0.0274,1,2.6779
3.720,1,257.361,-29.45,1.0,76.734,59.965,40.293,258.487,-30.502,1.003,-6.827,59.597,-49.582,0.0743,0.0683,-0.0229,1,2.5497
3.740,1,257.361,-27.458,1.0,77.61,60.029,40.248,258.452,-28.496,1.004,-6.389,59.673,-49.636,0.0743,0.066,-0.0212,1,2.6138
3.760,1,257.361,-25.465,1.0,78.488,60.088,40.206,258.459,-26.496,0.996,-5.95,59.729,-49.677,0.0744,0.0664,-0.0214,1,2.5938
3.780,1,257.361,-23.473,1.0,79.367,60.143,40.167,258.483,-24.498,0.998,-5.511,59.78,-49.714,0.0746,0.0671,-0.0217,1,2.4766
3.800,1,257.361,-21.481,1.0,80.247,60.194,40.131,258.487,-22.497,0.998,-5.071,59.832,-49.75,0.0747,0.067,-0.0217,1,2.6125
3.820,1,257.361,-19.488,1.0,81.128,60.24,40.098,258.48,-20.495,0.996,-4.631,59.881,-49.785,0.0748,0.0663,-0.0212,1,2.6104
3.840,1,257.361,-17.496,1.0,82.011,60.281,40.069,258.475,-18.493,0.997,-4.19,59.927,-49.817,0.0748,0.0656,-0.0207,1,2.597
3.860,1,257.361,-15.503,1.0,82.894,60.319,40.043,258.47,-16.492,0.995,-3.748,59.967,-49.846,0.0749,0.065,-0.0203,1,2.5855
3.880,1,257.361,-13.511,1.0,83.779,60.351,40.02,258.466,-14.49,0.991,-3.306,60.002,-49.871,0.0749,0.0646,-0.02,1,2.5953
3.900,1,257.361,-11.518,1.0,84.664,60.379,40.0,258.47,-12.49,0.996,-2.864,60.032,-49.892,0.075,0.0641,-0.0197,1,2.6394
3.920,1,257.361,-9.526,1.0,85.549,60.403,39.983,258.468,-10.488,0.995,-2.421,60.058,-49.91,0.075,0.0636,-0.0194,1,2.5863
3.940,1,258.737,-8.533,1.0,86.012,60.013,40.26,259.033,-9.119,0.994,-2.116,59.904,-49.785,0.0468,0.019,0.0092,1,2.3049
3.960,1,260.632,-7.918,1.0,86.311,59.466,40.65,260.358,-8.171,1.002,-1.899,59.526,-49.494,0.0213,-0.0131,0.0273,1,2.7793
3.980,1,262.527,-7.302,1.0,86.606,58.917,41.044,262.289,-7.509,0.994,-1.741,58.963,-49.095,0.0172,-0.011,0.0268,1,3.424
4.000,1,264.422,-6.686,1.0,86.897,58.366,41.443,264.397,-6.906,0.997,-1.596,58.352,-48.656,0.0176,0.0002,0.0193,1,3.4904
4.020,1,266.317,-6.071,1.0,87.184,57.814,41.847,266.403,-6.293,1.002,-1.453,57.77,-48.23,0.0175,0.0057,0.0151,1,3.5193
4.040,1,268.212,-5.455,1.0,87.467,57.259,42.256,268.289,-5.675,0.993,-1.311,57.216,-47.82,0.0172,0.0056,0.0148,1,3.2239
4.060,1,270.107,-4.839,1.0,87.746,56.702,42.669,270.168,-5.056,1.001,-1.17,56.666,-47.411,0.0169,0.0042,0.0156,1,3.2056
4.080,1,272.001,-4.223,1.0,88.021,56.142,43.086,272.055,-4.438,0.996,-1.032,56.109,-46.993,0.0166,0.0038,0.0157,1,3.4185
4.100,1,273.896,-3.608,1.0,88.292,55.579,43.509,273.97,-3.82,1.001,-0.896,55.543,-46.568,0.0163,0.0045,0.0152,1,3.3445
4.120,1,275.791,-2.992,1.0,88.559,55.014,43.937,275.875,-3.202,0.995,-0.761,54.974,-46.136,0.016,0.0052,0.0144,1,3.4376
4.140,1,277.686,-2.376,1.0,88.823,54.446,44.369,277.788,-2.584,1.0,-0.628,54.403,-45.701,0.0157,0.0057,0.014,1,3.3758
4.160,1,279.581,-1.761,1.0,89.084,53.875,44.807,279.686,-1.965,0.994,-0.497,53.83,-45.261,0.0154,0.0061,0.0134,1,3.4499
4.180,1,281.476,-1.145,1.0,89.34,53.301,45.249,281.596,-1.347,1.002,-0.368,53.254,-44.815,0.0151,0.0063,0.0129,1,3.4543
4.200,1,283.371,-0.529,1.0,89.594,52.723,45.697,283.498,-0.729,1.0,-0.241,52.673,-44.365,0.0148,0.0067,0.0124,1,3.2702
4.220,1,284.999,0.28,1.0,89.921,52.224,46.086,285.271,0.012,0.996,-0.09,52.131,-43.942,0.0198,0.015,0.0061,1,3.4042
4.240,1,284.935,2.271,1.0,90.722,52.24,46.073,286.286,1.388,1.001,0.189,51.827,-43.739,0.0657,0.0754,-0.0339,1,2.6373
4.260,1,284.773,4.256,1.0,91.522,52.283,46.039,286.366,3.205,0.992,0.554,51.801,-43.715,0.0791,0.0892,-0.0454,1,2.8957
4.280,1,284.512,6.231,1.0,92.318,52.352,45.985,285.957,5.224,0.997,0.959,51.921,-43.799,0.0766,0.0802,-0.0397,1,2.8873
4.300,1,284.152,8.191,1.0,93.111,52.447,45.911,285.477,7.228,0.994,1.363,52.053,-43.901,0.0739,0.0731,-0.0345,1,2.6341
4.320,1,283.696,10.13,1.0,93.898,52.568,45.817,285.039,9.186,1.006,1.758,52.174,-43.995,0.0733,0.0731,-0.0342,1,2.5888
4.340,1,283.144,12.044,1.0,94.68,52.714,45.704,284.536,11.116,0.997,2.149,52.305,-44.098,0.0731,0.076,-0.0363,1,2.7029
4.360,1,282.497,13.929,1.0,95.453,52.885,45.571,283.938,13.018,0.998,2.537,52.465,-44.223,0.0727,0.0783,-0.0379,1,2.7398
4.380,1,281.757,15.778,1.0,96.218,53.081,45.419,283.229,14.889,1.001,2.921,52.655,-44.371,0.0721,0.0795,-0.0387,1,2.5674
4.400,1,280.925,17.589,1.0,96.972,53.302,45.248,282.41,16.724,0.994,3.3,52.872,-44.539,0.0712,0.0802,-0.0392,1,2.8651
4.420,1,280.005,19.356,1.0,97.715,53.546,45.06,281.518,18.515,1.003,3.673,53.112,-44.725,0.0705,0.081,-0.0397,1,2.5674
4.440,1,278.998,21.075,1.0,98.445,53.813,44.855,280.524,20.26,0.993,4.041,53.374,-44.929,0.0695,0.0819,-0.0401,1,2.429
4.460,1,277.906,22.741,1.0,99.161,54.102,44.632,279.457,21.954,0.995,4.401,53.66,-45.148,0.0685,0.0828,-0.0406,1,2.5189
4.480,1,276.733,24.352,1.0,99.862,54.414,44.394,278.307,23.592,0.998,4.755,53.967,-45.385,0.0675,0.0837,-0.041,1,2.7111
4.500,1,275.481,25.901,1.0,100.546,54.747,44.14,277.076,25.171,1.0,5.1,54.297,-45.637,0.0663,0.0844,-0.0413,1,2.4654
4.520,1,274.154,27.387,1.0,101.212,55.101,43.871,275.767,26.688,1.002,5.436,54.647,-45.905,0.0651,0.0851,-0.0415,1,2.3575
4.540,1,272.754,28.805,1.0,101.858,55.475,43.588,274.385,28.137,1.004,5.762,55.018,-46.187,0.0638,0.0857,-0.0417,1,2.3601
4.560,1,271.286,30.151,1.0,102.484,55.867,43.292,272.93,29.519,1.001,6.08,55.407,-46.483,0.0621,0.0865,-0.0417,1,2.317
4.580,1,269.752,31.422,1.0,103.088,56.278,42.984,271.426,30.847,0.996,6.39,55.807,-46.789,0.059,0.0884,-0.0421,1,2.2596
4.600,1,268.157,32.616,1.0,103.668,56.707,42.665,269.901,32.127,0.994,6.694,56.213,-47.101,0.0539,0.0926,-0.0435,1,2.1817
4.620,1,266.504,33.728,1.0,104.223,57.152,42.335,268.37,33.361,0.997,6.991,56.62,-47.414,0.0465,0.0996,-0.0465,1,2.27
4.640,1,264.798,34.757,1.0,104.752,57.612,41.995,266.824,34.529,0.997,7.278,57.03,-47.727,0.0381,0.109,-0.0513,1,2.1189
4.660,1,263.043,35.7,1.0,105.253,58.088,41.646,265.211,35.584,1.001,7.545,57.463,-48.052,0.0318,0.1171,-0.0557,1,1.9794
4.680,1,261.243,36.554,1.0,105.724,58.577,41.29,263.455,36.483,1.004,7.786,57.941,-48.402,0.0296,0.1194,-0.0569,1,2.0205
4.700,1,259.403,37.317,1.0,106.165,59.08,40.927,261.587,37.273,0.998,8.01,58.45,-48.773,0.0281,0.1183,-0.0556,1,1.9757
4.720,1,257.527,37.988,1.0,106.573,59.594,40.558,259.684,37.971,0.998,8.219,58.971,-49.151,0.0264,0.1169,-0.054,1,1.9734
4.740,1,255.62,38.564,1.0,106.948,60.119,40.184,257.762,38.578,0.994,8.411,59.499,-49.53,0.0245,0.1164,-0.053,1,1.9388
4.760,1,253.687,39.045,1.0,107.288,60.654,39.806,255.834,39.093,0.999,8.586,60.034,-49.912,0.0225,0.1166,-0.0523,1,1.9931
4.780,1,251.732,39.429,1.0,107.591,61.198,39.425,253.881,39.51,1.002,8.742,60.577,-50.297,0.0205,0.1168,-0.0515,1,2.1
4.800,1,249.76,39.716,1.0,107.855,61.75,39.043,251.901,39.828,1.002,8.88,61.13,-50.684,0.0183,0.1166,-0.0507,1,2.0472
4.820,1,247.777,39.904,1.0,108.081,62.309,38.659,249.902,40.047,0.999,8.999,61.691,-51.074,0.016,0.1162,-0.0496,1,2.1421
4.840,1,245.786,39.992,1.0,108.265,62.873,38.276,247.897,40.167,1.0,9.097,62.258,-51.464,0.0137,0.1157,-0.0485,1,2.1208
4.860,1,243.794,39.982,1.0,108.407,63.442,37.893,245.887,40.186,1.0,9.174,62.83,-51.852,0.0113,0.1151,-0.0473,1,1.6687
4.880,1,241.805,39.872,1.0,108.505,64.014,37.513,243.874,40.106,0.997,9.23,63.406,-52.24,0.0087,0.1144,-0.046,1,2.0137
4.900,1,239.824,39.664,1.0,108.558,64.588,37.136,241.874,39.927,1.0,9.263,63.984,-52.624,0.0061,0.1137,-0.0447,1,2.1121
4.920,1,237.855,39.357,1.0,108.565,65.163,36.763,239.882,39.648,1.0,9.273,64.564,-53.005,0.0034,0.1129,-0.0433,1,1.8263
4.940,1,235.905,38.952,1.0,108.524,65.738,36.395,237.904,39.271,0.999,9.26,65.144,-53.381,0.0006,0.1119,-0.0418,1,1.9855
4.960,1,233.976,38.451,1.0,108.435,66.311,36.033,235.947,38.797,1.001,9.223,65.723,-53.751,-0.0023,0.1108,-0.0404,1,1.784
4.980,1,232.076,37.854,1.0,108.297,66.882,35.677,234.009,38.225,0.995,9.161,66.3,-54.115,-0.0052,0.1097,-0.0388,1,1.9891
5.000,1,230.207,37.164,1.0,108.108,67.448,35.33,232.105,37.559,0.994,9.075,66.873,-54.472,-0.0082,0.1084,-0.0372,1,1.9223
5.020,1,228.375,36.381,1.0,107.868,68.009,34.991,230.244,36.802,1.0,8.963,67.441,-54.82,-0.0113,0.107,-0.0355,1,1.7046
5.040,1,226.584,35.508,1.0,107.576,68.562,34.662,228.414,35.951,0.999,8.825,68.002,-55.158,-0.0144,0.1056,-0.0338,1,1.6771
5.060,1,224.839,34.547,1.0,107.232,69.107,34.343,226.631,35.013,1.0,8.661,68.556,-55.486,-0.0176,0.104,-0.0322,1,1.8463
5.080,1,223.144,33.501,1.0,106.835,69.642,34.035,224.891,33.986,0.997,8.471,69.1,-55.803,-0.0208,0.1023,-0.0305,1,1.6165
5.100,1,221.503,32.371,1.0,106.386,70.165,33.739,223.201,32.875,0.99,8.255,69.632,-56.109,-0.0241,0.1004,-0.0288,1,1.7157
5.120,1,219.92,31.161,1.0,105.884,70.676,33.455,221.579,31.687,0.998,8.013,70.153,-56.402,-0.0276,0.0984,-0.027,1,1.7359
5.140,1,218.4,29.873,1.0,105.331,71.171,33.184,219.979,30.438,0.999,7.751,70.669,-56.687,-0.0332,0.0946,-0.0246,1,1.6286
5.160,1,216.945,28.512,1.0,104.726,71.65,32.927,218.402,29.125,0.998,7.467,71.181,-56.962,-0.0404,0.0885,-0.0212,1,1.7863
5.180,1,215.56,27.08,1.0,104.07,72.111,32.684,216.885,27.737,0.998,7.158,71.677,-57.225,-0.0474,0.0819,-0.0177,1,2.0511
5.200,1,214.249,25.58,1.0,103.365,72.552,32.456,215.468,26.275,0.999,6.821,72.147,-57.469,-0.0533,0.0764,-0.0149,1,1.8823
5.220,1,213.013,24.018,1.0,102.612,72.972,32.242,214.143,24.741,0.995,6.458,72.591,-57.696,-0.0583,0.072,-0.0125,1,2.0876
5.240,1,211.857,22.395,1.0,101.813,73.368,32.044,212.916,23.141,1.001,6.07,73.009,-57.906,-0.0624,0.068,-0.0101,1,2.065
5.260,1,210.783,20.717,1.0,100.97,73.741,31.861,211.777,21.476,0.996,5.656,73.398,-58.099,-0.0655,0.0647,-0.0082,1,2.0489
5.280,1,209.794,18.988,1.0,100.085,74.086,31.694,210.751,19.757,1.004,5.22,73.756,-58.274,-0.0681,0.0623,-0.0067,1,2.0913
5.300,1,208.892,17.211,1.0,99.161,74.404,31.543,209.811,17.989,1.004,4.764,74.085,-58.432,-0.0704,0.0601,-0.0055,1,1.9778
5.320,1,208.08,15.392,1.0,98.2,74.693,31.408,208.955,16.177,1.001,4.29,74.386,-58.575,-0.0726,0.0578,-0.0041,1,2.0952
5.340,1,207.359,13.535,1.0,97.207,74.951,31.288,208.185,14.324,0.995,3.798,74.657,-58.701,-0.0745,0.0552,-0.0028,1,2.1472
5.360,1,206.732,11.644,1.0,96.184,75.177,31.185,207.519,12.439,1.001,3.291,74.897,-58.812,-0.0763,0.0526,-0.0013,1,2.1973
5.380,1,206.2,9.724,1.0,95.136,75.37,31.098,206.941,10.522,0.998,2.772,75.104,-58.906,-0.0779,0.0499,-0.0,1,2.1909
5.400,1,205.764,7.78,1.0,94.066,75.529,31.027,206.467,8.581,1.002,2.24,75.276,-58.983,-0.0793,0.0472,0.0012,1,2.1237
5.420,1,205.425,5.817,1.0,92.979,75.652,30.972,206.087,6.619,0.999,1.699,75.413,-59.044,-0.0804,0.0447,0.0024,1,2.3176
5.440,1,205.185,3.839,1.0,91.879,75.741,30.933,205.805,4.641,0.996,1.151,75.514,-59.089,-0.0812,0.0421,0.0035,1,2.4483
5.460,1,205.043,1.852,1.0,90.77,75.793,30.91,205.624,2.652,0.993,0.598,75.579,-59.117,-0.0818,0.0396,0.0046,1,2.1525
5.480,1,205.0,-0.14,1.0,89.656,75.808,30.903,205.557,0.659,1.004,0.043,75.607,-59.13,-0.0823,0.0373,0.0057,1,2.3603
5.500,1,205.057,-2.131,1.0,88.544,75.788,30.913,205.575,-1.337,0.998,-0.513,75.598,-59.126,-0.0823,0.0349,0.0067,1,2.4702
5.520,1,205.212,-4.117,1.0,87.436,75.73,30.938,205.7,-3.329,0.999,-1.068,75.552,-59.105,-0.0821,0.0327,0.0076,1,2.4468
5.540,1,205.467,-6.093,1.0,86.338,75.637,30.979,205.925,-5.312,0.998,-1.618,75.469,-59.068,-0.0816,0.0306,0.0085,1,2.3239
5.560,1,205.819,-8.054,1.0,85.254,75.508,31.036,206.253,-7.281,1.001,-2.162,75.35,-59.016,-0.0809,0.0286,0.0094,1,2.46
5.580,1,206.269,-9.995,1.0,84.188,75.345,31.109,206.677,-9.232,1.002,-2.697,75.196,-58.946,-0.0799,0.0267,0.0102,1,2.2937
5.600,1,206.815,-11.911,1.0,83.145,75.147,31.199,207.197,-11.16,0.999,-3.222,75.007,-58.861,-0.0786,0.025,0.011,1,2.3695
5.620,1,207.455,-13.798,1.0,82.128,74.917,31.304,207.815,-13.06,0.997,-3.734,74.785,-58.759,-0.0771,0.0234,0.0117,1,2.3676
5.640,1,208.189,-15.65,1.0,81.141,74.654,31.426,208.534,-14.928,1.002,-4.232,74.53,-58.64,-0.0755,0.0219,0.0123,1,2.3191
5.660,1,209.013,-17.463,1.0,80.188,74.361,31.563,209.339,-16.758,1.0,-4.714,74.243,-58.505,-0.0735,0.0206,0.0129,1,2.2346
5.680,1,209.928,-19.233,1.0,79.272,74.039,31.717,210.241,-18.546,1.002,-5.177,73.927,-58.355,-0.0714,0.0194,0.0135,1,2.1757
5.700,1,210.929,-20.956,1.0,78.396,73.69,31.886,211.223,-20.291,1.0,-5.623,73.583,-58.188,-0.0688,0.0182,0.014,1,2.2041
5.720,1,212.014,-22.626,1.0,77.562,73.314,32.071,212.278,-21.99,0.996,-6.049,73.217,-58.007,-0.0655,0.0165,0.0147,1,2.176
5.740,1,213.182,-24.241,1.0,76.772,72.914,32.271,213.385,-23.643,0.999,-6.456,72.837,-57.814,-0.0607,0.0128,0.0162,1,2.1318
5.760,1,214.428,-25.795,1.0,76.029,72.491,32.487,214.55,-25.242,0.997,-6.843,72.438,-57.608,-0.0551,0.0083,0.018,1,2.2244
5.780,1,215.75,-27.285,1.0,75.334,72.047,32.717,215.788,-26.781,1.0,-7.206,72.019,-57.388,-0.049,0.0035,0.0198,1,2.5073
5.800,1,217.145,-28.707,1.0,74.689,71.584,32.962,217.087,-28.256,1.003,-7.546,71.584,-57.156,-0.0424,-0.0019,0.0221,1,2.5646
5.820,1,218.609,-30.059,1.0,74.095,71.102,33.221,218.436,-29.661,1.0,-7.861,71.134,-56.912,-0.0355,-0.0078,0.025,1,2.5474
5.840,1,220.139,-31.335,1.0,73.553,70.605,33.494,219.899,-30.974,0.999,-8.145,70.655,-56.649,-0.0307,-0.0113,0.0268,1,2.575
5.860,1,221.73,-32.534,1.0,73.062,70.093,33.779,221.478,-32.205,0.993,-8.399,70.143,-56.364,-0.0272,-0.0114,0.027,1,2.6505
5.880,1,223.378,-33.653,1.0,72.624,69.568,34.077,223.152,-33.36,0.998,-8.627,69.611,-56.063,-0.0239,-0.0102,0.0265,1,2.6474
5.900,1,225.081,-34.688,1.0,72.239,69.031,34.387,224.875,-34.432,1.002,-8.828,69.069,-55.751,-0.0205,-0.0092,0.026,1,3.1015
5.920,1,226.833,-35.636,1.0,71.906,68.485,34.707,226.633,-35.416,1.003,-9.003,68.52,-55.43,-0.0171,-0.0088,0.0259,1,2.929
5.940,1,228.629,-36.497,1.0,71.625,67.93,35.038,228.427,-36.311,1.001,-9.152,67.964,-55.099,-0.0138,-0.0086,0.0259,1,3.1486
5.960,1,230.467,-37.266,1.0,71.396,67.369,35.378,230.265,-37.115,0.999,-9.275,67.401,-54.758,-0.0106,-0.0083,0.0258,1,3.1684
5.980,1,232.341,-37.944,1.0,71.218,66.802,35.727,232.148,-37.829,1.002,-9.372,66.831,-54.408,-0.0074,-0.0078,0.0256,1,3.2293
6.000,1,234.245,-38.527,1.0,71.091,66.231,36.083,234.057,-38.448,0.997,-9.444,66.257,-54.049,-0.0042,-0.0072,0.0251,1,3.2677
6.020,1,236.177,-39.015,1.0,71.012,65.658,36.446,236.001,-38.972,1.0,-9.492,65.68,-53.684,-0.0011,-0.0065,0.0247,1,3.2584
6.040,1,238.131,-39.406,1.0,70.982,65.082,36.815,237.971,-39.401,1.005,-9.514,65.1,-53.313,0.0019,-0.0057,0.0243,1,3.2948
6.060,1,240.101,-39.699,1.0,70.999,64.507,37.189,239.947,-39.729,0.998,-9.513,64.521,-52.936,0.0048,-0.0049,0.0238,1,3.3213
6.080,1,242.084,-39.894,1.0,71.063,63.933,37.566,241.948,-39.96,1.005,-9.489,63.943,-52.555,0.0076,-0.0042,0.0232,1,3.3544
6.100,1,244.074,-39.989,1.0,71.17,63.362,37.947,243.947,-40.091,1.0,-9.442,63.367,-52.171,0.0103,-0.0033,0.0226,1,3.2349
6.120,1,246.066,-39.986,1.0,71.322,62.793,38.33,245.961,-40.124,1.007,-9.373,62.793,-51.785,0.013,-0.0024,0.0219,1,3.3048
6.140,1,248.056,-39.883,1.0,71.515,62.23,38.713,247.956,-40.053,0.994,-9.283,62.224,-51.397,0.0155,-0.0013,0.0211,1,3.4093
6.160,1,250.038,-39.682,1.0,71.749,61.672,39.097,249.957,-39.886,0.996,-9.172,61.661,-51.009,0.0179,-0.0003,0.0203,1,3.3252
6.180,1,252.007,-39.381,1.0,72.023,61.121,39.479,251.942,-39.619,0.993,-9.041,61.104,-50.622,0.0202,0.0008,0.0195,1,3.4547
6.200,1,253.959,-38.984,1.0,72.334,60.579,39.859,253.923,-39.255,1.003,-8.891,60.556,-50.237,0.0225,0.0018,0.0185,1,3.4601
6.220,1,255.889,-38.489,1.0,72.682,60.045,40.237,255.87,-38.791,0.999,-8.723,60.016,-49.854,0.0246,0.003,0.0175,1,3.4697
6.240,1,257.792,-37.899,1.0,73.064,59.521,40.61,257.791,-38.231,0.995,-8.537,59.486,-49.476,0.0266,0.0043,0.0166,1,3.6914
6.260,1,259.663,-37.215,1.0,73.48,59.008,40.978,259.686,-37.577,0.996,-8.334,58.967,-49.102,0.0285,0.0055,0.0156,1,3.4073
6.280,1,261.498,-36.439,1.0,73.928,58.508,41.341,261.553,-36.83,1.006,-8.114,58.46,-48.733,0.0303,0.0067,0.0145,1,2.9663
6.300,1,263.292,-35.573,1.0,74.406,58.02,41.696,263.368,-35.99,1.002,-7.879,57.965,-48.372,0.032,0.008,0.0133,1,3.1606
6.320,1,265.04,-34.618,1.0,74.913,57.547,42.043,265.137,-35.06,0.996,-7.63,57.485,-48.019,0.0336,0.0094,0.0122,1,3.0714
6.340,1,266.739,-33.577,1.0,75.448,57.088,42.382,266.866,-34.044,1.0,-7.366,57.02,-47.674,0.0351,0.0108,0.011,1,3.0234
6.360,1,268.384,-32.453,1.0,76.009,56.645,42.71,268.534,-32.943,0.997,-7.089,56.57,-47.339,0.0365,0.0122,0.0098,1,3.2653
6.380,1,269.971,-31.248,1.0,76.595,56.219,43.028,270.149,-31.76,0.996,-6.8,56.136,-47.014,0.0378,0.0136,0.0086,1,2.9982
6.400,1,271.496,-29.966,1.0,77.204,55.811,43.335,271.702,-30.498,0.996,-6.498,55.72,-46.701,0.039,0.0151,0.0073,1,2.9619
6.420,1,272.955,-28.61,1.0,77.834,55.421,43.629,273.192,-29.16,0.999,-6.186,55.323,-46.4,0.0402,0.0165,0.006,1,2.9034
6.440,1,274.345,-27.182,1.0,78.486,55.05,43.909,274.615,-27.75,1.002,-5.863,54.944,-46.112,0.0412,0.018,0.0047,1,2.7343
6.460,1,275.662,-25.688,1.0,79.156,54.699,44.176,275.955,-26.27,0.994,-5.53,54.585,-45.839,0.0421,0.0196,0.0033,1,2.8835
6.480,1,276.903,-24.129,1.0,79.844,54.369,44.428,277.246,-24.741,0.995,-5.191,54.241,-45.577,0.0439,0.0222,0.0015,1,2.8187
6.500,1,278.065,-22.511,1.0,80.548,54.06,44.664,278.509,-23.185,1.002,-4.849,53.904,-45.321,0.048,0.0275,-0.002,1,2.5154
6.520,1,279.144,-20.837,1.0,81.268,53.774,44.884,279.741,-21.61,1.003,-4.508,53.571,-45.073,0.0546,0.0362,-0.007,1,2.5167
6.540,1,280.139,-19.111,1.0,82.001,53.51,45.088,280.924,-20.006,1.001,-4.163,53.248,-44.836,0.0629,0.047,-0.0131,1,2.6957
6.560,1,281.047,-17.337,1.0,82.747,53.269,45.273,281.988,-18.324,1.002,-3.807,52.961,-44.62,0.0691,0.0557,-0.0187,1,2.6315
6.580,1,281.866,-15.521,1.0,83.504,53.052,45.441,282.888,-16.551,0.998,-3.437,52.721,-44.433,0.0723,0.0603,-0.0225,1,2.4502
6.600,1,282.593,-13.666,1.0,84.27,52.86,45.591,283.638,-14.7,0.999,-3.055,52.524,-44.278,0.0729,0.0612,-0.0235,1,2.7268
6.620,1,283.227,-11.777,1.0,85.046,52.692,45.721,284.282,-12.81,1.001,-2.668,52.356,-44.145,0.0732,0.0614,-0.0241,1,2.7253
6.640,1,283.766,-9.86,1.0,85.828,52.55,45.832,284.84,-10.892,0.997,-2.278,52.208,-44.03,0.0736,0.0623,-0.0249,1,2.7356
6.660,1,284.209,-7.917,1.0,86.617,52.433,45.923,285.312,-8.95,0.994,-1.885,52.084,-43.931,0.074,0.0638,-0.0263,1,2.7792
6.680,1,284.554,-5.955,1.0,87.411,52.341,45.994,285.698,-6.987,1.0,-1.489,51.985,-43.853,0.0744,0.0653,-0.0276,1,2.7625
6.700,1,284.802,-3.978,1.0,88.208,52.276,46.045,285.976,-5.007,0.999,-1.091,51.912,-43.796,0.0746,0.0668,-0.0288,1,2.5722
6.720,1,284.95,-1.992,1.0,89.008,52.236,46.076,286.151,-3.014,0.995,-0.691,51.866,-43.759,0.0747,0.0681,-0.0299,1,2.5787
6.740,1,285.0,0.0,1.0,89.809,52.223,46.086,286.232,-1.015,0.998,-0.291,51.847,-43.743,0.0748,0.0693,-0.0311,1,2.7935
6.760,2,285.0,0.0,1.0,89.809,52.223,46.086,286.235,-0.267,0.994,-0.148,51.846,-43.743,0.0196,0.0696,-0.0312,1,2.13
6.780,2,285.0,0.0,1.0,89.809,52.223,46.086,286.235,-0.245,1.0,-0.144,51.848,-43.744,0.0179,0.0693,-0.0308,1,1.0576
6.800,2,285.0,0.0,1.0,89.809,52.223,46.086,286.235,-0.241,1.0,-0.143,51.848,-43.744,0.0176,0.0693,-0.0309,1,0.9964
6.820,2,285.0,0.0,1.0,89.809,52.223,46.086,286.234,-0.237,1.0,-0.142,51.848,-43.744,0.0173,0.0692,-0.0309,1,0.9962
6.840,2,285.0,0.0,1.0,89.809,52.223,46.086,286.234,-0.233,1.0,-0.142,51.848,-43.744,0.017,0.0692,-0.0308,1,0.9962
6.860,2,285.0,0.0,1.0,89.809,52.223,46.086,286.234,-0.229,1.0,-0.141,51.848,-43.744,0.0167,0.0692,-0.0308,1,0.9962
6.880,2,285.0,0.0,1.0,89.809,52.223,46.086,286.233,-0.225,1.0,-0.14,51.848,-43.744,0.0164,0.0692,-0.0308,1,0.9963
6.900,2,285.0,0.0,1.0,89.809,52.223,46.086,286.233,-0.221,1.0,-0.139,51.848,-43.744,0.0162,0.0692,-0.0308,1,0.9963
6.920,2,285.0,0.0,1.0,89.809,52.223,46.086,286.233,-0.218,1.0,-0.139,51.848,-43.744,0.0159,0.0692,-0.0308,1,0.9963
6.940,2,285.0,0.0,1.0,89.809,52.223,46.086,286.232,-0.214,1.0,-0.138,51.848,-43.744,0.0157,0.0691,-0.0308,1,0.9964
6.960,2,285.0,0.0,1.0,89.809,52.223,46.086,286.232,-0.211,1.0,-0.137,51.848,-43.744,0.0154,0.0691,-0.0308,1,0.9964
6.980,2,285.0,0.0,1.0,89.809,52.223,46.086,286.232,-0.208,1.0,-0.137,51.849,-43.744,0.0152,0.0691,-0.0308,1,0.9964
7.000,2,285.0,0.0,1.0,89.809,52.223,46.086,286.231,-0.205,1.0,-0.136,51.849,-43.745,0.015,0.0691,-0.0308,1,0.9965
7.020,2,285.0,0.0,1.0,89.809,52.223,46.086,286.231,-0.202,1.0,-0.136,51.849,-43.745,0.0148,0.0691,-0.0308,1,0.9965
7.040,2,285.0,0.0,1.0,89.809,52.223,46.086,286.231,-0.2,1.0,-0.135,51.849,-43.745,0.0146,0.069,-0.0307,1,0.9965
7.060,2,285.0,0.0,1.059,89.809,52.241,46.105,286.23,-0.197,1.0,-0.134,51.849,-43.74,0.0144,0.0723,-0.0283,1,0.9736
7.080,2,285.0,0.0,1.236,89.809,52.293,46.159,286.229,-0.194,1.0,-0.134,51.849,-43.726,0.0142,0.0819,-0.0211,1,0.898
7.100,2,285.0,0.0,1.527,89.809,52.379,46.25,286.198,-0.179,0.998,-0.131,51.857,-43.708,0.013,0.0962,-0.0081,1,1.1826
7.120,2,285.0,0.0,1.928,89.809,52.497,46.374,286.119,-0.122,0.999,-0.119,51.881,-43.687,0.0089,0.1138,0.0107,1,0.9153
7.140,2,285.0,0.0,2.432,89.809,52.646,46.531,285.984,-0.037,0.998,-0.102,51.921,-43.669,0.0026,0.1338,0.0357,1,0.6425
7.160,2,285.0,0.0,3.033,89.809,52.822,46.719,285.756,0.002,1.0,-0.095,51.99,-43.657,-0.0003,0.1536,0.0672,1,0.3385
7.180,2,285.0,0.0,3.719,89.809,53.022,46.933,285.672,0.003,1.333,-0.095,52.116,-43.561,-0.0003,0.1678,0.0903,1,0.114
7.200,2,285.0,0.0,4.481,89.809,53.244,47.172,285.682,-0.0,2.055,-0.095,52.326,-43.34,-0.0001,0.1701,0.0935,0,0.0
7.220,2,285.0,0.0,5.307,89.809,53.483,47.432,285.671,-0.001,2.925,-0.095,52.585,-43.076,-0.0,0.1666,0.0925,0,0.0
7.240,2,285.0,0.0,6.182,89.809,53.735,47.708,285.647,-0.001,3.825,-0.095,52.854,-42.802,-0.0,0.1635,0.0929,0,0.0
7.260,2,285.0,0.0,7.095,89.809,53.996,47.997,285.635,-0.001,4.739,-0.095,53.122,-42.518,0.0,0.1623,0.094,0,0.0
7.280,2,285.0,0.0,8.029,89.809,54.262,48.294,285.635,-0.001,5.672,-0.095,53.39,-42.226,-0.0,0.1619,0.0948,0,0.0
7.300,2,285.0,0.0,8.971,89.809,54.529,48.594,285.635,-0.001,6.618,-0.095,53.66,-41.928,-0.0,0.1612,0.0951,0,0.0
7.320,2,285.0,0.0,9.905,89.809,54.792,48.892,285.631,-0.001,7.565,-0.095,53.931,-41.63,-0.0,0.1598,0.0953,0,0.0
7.340,2,285.0,0.0,10.818,89.809,55.047,49.185,285.624,-0.001,8.496,-0.095,54.196,-41.337,0.0,0.158,0.0951,0,0.0
7.360,2,285.0,0.0,11.693,89.809,55.29,49.467,285.616,-0.001,9.393,-0.096,54.45,-41.053,0.0,0.156,0.0947,0,0.0
7.380,2,285.0,0.0,12.519,89.809,55.518,49.733,285.609,-0.001,10.243,-0.096,54.689,-40.783,0.0,0.1539,0.094,0,0.0
7.400,2,285.0,0.0,13.281,89.809,55.728,49.979,285.603,-0.001,11.033,-0.096,54.91,-40.532,0.0,0.1517,0.093,0,0.0
7.420,2,285.0,0.0,13.967,89.809,55.916,50.202,285.597,-0.001,11.75,-0.096,55.109,-40.303,0.0,0.1495,0.0918,0,0.0
7.440,2,285.0,0.0,14.568,89.809,56.08,50.397,285.591,-0.001,12.383,-0.096,55.285,-40.101,0.0,0.1472,0.0904,0,0.0
7.460,2,285.0,0.0,15.072,89.809,56.216,50.561,285.585,-0.001,12.922,-0.096,55.434,-39.928,0.0,0.1448,0.0888,0,0.0
7.480,2,285.0,0.0,15.473,89.809,56.325,50.691,285.579,-0.001,13.359,-0.096,55.554,-39.788,0.0,0.1425,0.0869,0,0.0
7.500,2,285.0,0.0,15.764,89.809,56.404,50.786,285.574,-0.001,13.686,-0.096,55.645,-39.682,0.0,0.1402,0.085,0,0.0
7.520,2,285.0,0.0,15.941,89.809,56.451,50.844,285.57,-0.001,13.9,-0.096,55.703,-39.614,0.0,0.1381,0.0829,0,0.0
7.540,2,285.0,0.0,16.0,89.809,56.467,50.863,285.566,-0.001,13.995,-0.096,55.73,-39.583,0.0,0.136,0.0808,0,0.0
7.560,2,285.0,0.0,16.0,89.809,56.467,50.863,285.568,-0.001,14.003,-0.096,55.73,-39.579,0.0,0.1358,0.08,0,0.0
7.580,2,285.0,0.0,16.0,89.809,56.467,50.863,285.578,-0.001,13.985,-0.096,55.722,-39.582,0.0,0.1373,0.0805,0,0.0
7.600,2,285.0,0.0,16.0,89.809,56.467,50.863,285.587,-0.001,13.976,-0.095,55.717,-39.583,-0.0,0.1383,0.0808,0,0.0
7.620,2,285.0,0.0,16.0,89.809,56.467,50.863,285.588,-0.001,13.975,-0.095,55.716,-39.583,-0.0,0.1384,0.0807,0,0.0
7.640,2,285.0,0.0,16.0,89.809,56.467,50.863,285.586,-0.001,13.978,-0.095,55.718,-39.583,-0.0,0.1381,0.0807,0,0.0
7.660,2,285.0,0.0,16.0,89.809,56.467,50.863,285.584,-0.001,13.98,-0.095,55.719,-39.583,0.0,0.1379,0.0807,0,0.0
7.680,2,285.0,0.0,16.0,89.809,56.467,50.863,285.583,-0.001,13.98,-0.095,55.719,-39.583,0.0,0.1379,0.0807,0,0.0
7.700,2,285.0,0.0,16.0,89.809,56.467,50.863,285.584,-0.001,13.979,-0.095,55.719,-39.583,0.0,0.1379,0.0807,0,0.0
7.720,2,285.0,0.0,16.0,89.809,56.467,50.863,285.584,-0.001,13.979,-0.095,55.719,-39.583,-0.0,0.138,0.0807,0,0.0
7.740,2,285.0,0.0,16.0,89.809,56.467,50.863,285.584,-0.001,13.979,-0.095,55.719,-39.583,-0.0,0.138,0.0807,0,0.0
7.760,2,285.0,0.0,16.0,89.809,56.467,50.863,285.584,-0.001,13.979,-0.095,55.719,-39.583,-0.0,0.138,0.0807,0,0.0
7.780,2,285.0,0.0,16.0,89.809,56.467,50.863,285.584,-0.001,13.979,-0.095,55.719,-39.583,0.0,0.138,0.0807,0,0.0
7.800,2,285.0,0.0,16.0,89.809,56.467,50.863,285.584,-0.001,13.979,-0.095,55.719,-39.583,0.0,0.138,0.0807,0,0.0
7.820,2,285.0,0.0,16.0,89.809,56.467,50.863,285.584,-0.001,13.979,-0.095,55.719,-39.583,0.0,0.138,0.0807,0,0.0
7.840,2,285.0,0.0,16.0,89.809,56.467,50.863,285.584,-0.001,13.979,-0.095,55.719,-39.583,-0.0,0.138,0.0807,0,0.0
7.860,2,285.0,0.0,16.0,89.809,56.467,50.863,285.584,-0.001,13.979,-0.095,55.719,-39.583,-0.0,0.138,0.0807,0,0.0
7.880,2,285.0,0.0,16.0,89.809,56.467,50.863,285.584,-0.001,13.979,-0.095,55.719,-39.583,-0.0,0.138,0.0807,0,0.0
7.900,2,285.0,0.0,16.0,89.809,56.467,50.863,285.584,-0.001,13.979,-0.095,55.719,-39.583,0.0,0.138,0.0807,0,0.0
7.920,2,285.0,0.0,16.0,89.809,56.467,50.863,285.584,-0.001,13.979,-0.095,55.719,-39.583,0.0,0.138,0.0807,0,0.0
7.940,2,285.0,0.0,16.0,89.809,56.467,50.863,285.584,-0.001,13.979,-0.095,55.719,-39.583,0.0,0.138,0.0807,0,0.0
7.960,2,285.0,0.0,16.0,89.809,56.467,50.863,285.584,-0.001,13.979,-0.095,55.719,-39.583,-0.0,0.138,0.0807,0,0.0
7.980,2,285.0,0.0,16.0,89.809,56.467,50.863,285.584,-0.001,13.979,-0.095,55.719,-39.583,-0.0,0.138,0.0807,0,0.0
8.000,2,285.0,0.0,16.0,89.809,56.467,50.863,285.584,-0.001,13.979,-0.095,55.719,-39.583,-0.0,0.138,0.0807,0,0.0
8.020,2,285.0,0.0,16.0,89.809,56.467,50.863,285.584,-0.001,13.979,-0.095,55.719,-39.583,-0.0,0.138,0.0807,0,0.0
8.040,2,285.0,0.0,16.0,89.809,56.467,50.863,285.584,-0.001,13.979,-0.095,55.719,-39.583,0.0,0.138,0.0807,0,0.0
